{
  "confidence_threshold": 0.37,
  "accuracy": 0.5718696927589934,
  "precision_post": 0.3326837416481069,
  "recall_post": 0.7606619987269255,
  "f1_post": 0.462909161340306,
  "confusion_matrix": [
    [
      2509,
      2397
    ],
    [
      376,
      1195
    ]
  ],
  "feature_importances": {
    "hour_sin": 0.021,
    "hour_cos": 0.0439,
    "day_sin": 0.0211,
    "day_cos": 0.0127,
    "is_weekend": 0.0025,
    "is_peak_hour": 0.0019,
    "hours_since_last_post": 0.1024,
    "rolling_post_count_24h": 0.0816,
    "posting_velocity_4h": 0.0084,
    "gap_acceleration": 0.01,
    "hour_of_day": 0.2828,
    "regime_flag": 0.0005,
    "velocity_x_peak": 0.014,
    "gap_x_peak": 0.0232,
    "velocity_x_regime": 0.0136,
    "posts_30min": 0.0112,
    "session_length": 0.0068,
    "posts_today": 0.028,
    "no_post_today_yet": 0.0002,
    "hours_since_first_today": 0.0246,
    "posted_1h_ago": 0.0004,
    "posted_2h_ago": 0.0024,
    "posted_3h_ago": 0.0041,
    "last_post_length": 0.0516,
    "last_post_caps_ratio": 0.0641,
    "last_post_exclamations": 0.0166,
    "last_post_questions": 0.0052,
    "last_post_word_count": 0.0318,
    "avg_post_length_session": 0.0768,
    "topic_streak": 0.0175,
    "anger_score": 0.0087,
    "name_drop_count": 0.0103
  },
  "n_train": 25906,
  "n_test": 6477,
  "positive_rate": 0.22524163913164313,
  "classification_report": "              precision    recall  f1-score   support\n\n     no_post       0.87      0.51      0.64      4906\n        post       0.33      0.76      0.46      1571\n\n    accuracy                           0.57      6477\n   macro avg       0.60      0.64      0.55      6477\nweighted avg       0.74      0.57      0.60      6477\n",
  "burst_precision": 0.3724,
  "burst_recall": 0.3087,
  "burst_base_rate": 0.3282
}